"supply","|","|__balance","|__weight"
"10000000000.0000 RAMCORE","base","58048462203 RAM","0.50000000000000000"
"","quote","1183833.4782 EOS","0.50000000000000000"
