"supply","|","|__balance","|__weight"
"10000000000.0000 RAMCORE","base","62565514907 RAM","0.50000000000000000"
"","quote","1098364.0161 EOS","0.50000000000000000"
